Name,Gif
cate,https://cdn.discordapp.com/attachments/1109019823263985688/1370205661169713265/qJvQlwpL.gif?ex=6820a136&is=681f4fb6&hm=ae5b5bebcd356628a487fd2c8a88541365dd6529f98216eefaa409238cbcbbf2&
soren,https://cdn.discordapp.com/attachments/1109019823263985688/1370627804344881252/speed.gif?.HI.SOREN.HI.SOREN.HI.SOREN.HI.SOREN.HI.SOREN.HI.SOREN.HI.SOREN.HI.SOREN.HI.SOREN.HI.SOREN.HI.SOREN.HI.SOREN.HI.SOREN.HI.SOREN.HI.SOREN.HI.SOREN.HI.SOREN.HI.SOREN.HI.SOREN.HI.SOREN.HI.SOREN.HI.SOREN.HI.SOREN.HI.SOREN.HI.SOREN.HI.SOREN.HI.SOREN.HI.SOREN.HI.SOREN.HI.SOREN.HI.SOREN.HI.SOREN.HI.SOREN.HI.SOREN.HI.SOREN.HI.SOREN.HI.SOREN.HI.SOREN.HI.SOREN.HI.SOREN.HI.SOREN.HI.SOREN.HI.SOREN.HI.SOREN.HI.SOREN.HI.SOREN.HI.SOREN.HI.SOREN.HI.SOREN.HI.SOREN.HI.SOREN.HI.SOREN.HI.SOREN.HI.SOREN.HI.SOREN.HI.SOREN.HI.SOREN.HI.SOREN.HI.SOREN.HI.SOREN.HI.SOREN.HI.SOREN.HI.SOREN.HI.SOREN.HI.SOREN.HI.SOREN.HI.SOREN.HI.SOREN.HI.SOREN.HI.SOREN.HI.SOREN.HI.SOREN.HI.SOREN.HI.SOREN.HI.SOREN.HI.SOREN.HI.SOREN.HI.SOREN.HI.SOREN.HI.SOREN.HI.SOREN.HI.SOREN.HI.SOREN.HI.SOREN.HI.SOREN.HI.SOREN.HI.SOREN.HI.SOREN.HI.SOREN.HI.SOREN.HI.SOREN.HI.SOREN.HI.SOREN.HI.SOREN.HI.SOREN.HI.SOREN.HI.SOREN.HI.SOREN.HI.SOREN.HI.SOREN.HI.SOREN.HI.SOREN.HI.SOREN.HI.SOREN.HI.SOREN.HI.SOREN.HI.SOREN.HI.SOREN.HI.SOREN.HI.SOREN.HI.SOREN.HI.SOREN.HI.SOREN.HI.SOREN.HI.SOREN.HI.SOREN.HI.SOREN.HI.SOREN.HI.SOREN.HI.SOREN.HI.SOREN.HI.SOREN.HI.SOREN.HI.SOREN.HI.SOREN.HI.SOREN.HI.SOREN.HI.SOREN.HI.SOREN.HI.SOREN.HI.SOREN.HI.SOREN.HI.SOREN.HI.SOREN.HI.SOREN.HI.SOREN.HI.SOREN.HI.SOREN.HI.SOREN.HI.SOREN.HI.SOREN.HI.SOREN.HI.SOREN.HI.SOREN.HI.SOREN.HI.SOREN.HI.SOREN.HI.SOREN.HI.SOREN.HI.SOREN.HI.SOREN.HI.SOREN.HI.SOREN.HI.SOREN.HI.SOREN.HI.SOREN.HI.SOREN.HI.SOREN.HI.SOREN.HI.SOREN.HI.SOREN.HI.SOREN.HI.SOREN.HI.SOREN.HI.SOREN.HI.SOREN.HI.SOREN.HI.SOREN.HI.SOREN.HI.SOREN.HI.SOREN.HI.SOREN.HI.SOREN.HI.SOREN.HI.SOREN.HI.SOREN.HI.SOREN.HI.SOREN.HI.SOREN.HI.SOREN.HI.SOREN.HI.SOREN.HI.SOREN.HI.SOREN=
sniff,https://tenor.com/view/nose-fur-kawaii-sniff-canine-gif-20552016
chungus,https://tenor.com/view/big-chungus-gif-25288755
thug,https://tenor.com/view/brandon-barber-thug-thug-hunter-thug-shaker-barber-gif-25755953
<@391324163945791488>,https://cdn.discordapp.com/attachments/1109019823263985688/1371206678099267646/togif.gif?
<@342052927151800322>,https://cdn.discordapp.com/attachments/1109019823263985688/1360414294847656098/togif.gif?
<@495049766221119503>,https://cdn.discordapp.com/attachments/1109019823263985688/1371206467608379483/togif.gif?
<@608111858209128482>,https://cdn.discordapp.com/attachments/1300922754161442870/1371204071901495418/RDT_20250511_151457624561119520516670.jpg?ex=682248ce&is=6820f74e&hm=9a076bbcab1736afe4fbdac609e8a1f6ecaf264a8d1783dbd0d338bb932aacea&
rape,https://cdn.discordapp.com/attachments/1182529466463952896/1279705815653154949/1707958586650.gif?ex=6821a46a&is=682052ea&hm=f312414f43ae766d47c1bb43dd964f16794b623c7bf88ac6ac25dfa59652781c&
bitch,https://media.discordapp.net/attachments/1109019901374517248/1109024152586817557/caption.gif?ex=6821a73a&is=682055ba&hm=1c261960e506261b9b5b20b1c9761ac1c498bcde21f8846397cf71778cb6db36&
kill,https://cdn.discordapp.com/attachments/1109019823263985688/1366467351981064272/speed.gif?ex=682230e4&is=6820df64&hm=d4f438bd0cabb5856c9a38395c64d3413df6a6abd139b8933ecf2dc953b4f104&
fuck,https://cdn.discordapp.com/attachments/1109019823263985688/1369556513600966697/pFIUmuHG.gif?ex=68223925&is=6820e7a5&hm=d4a2ac0d87ca1206117b7c6158700b348f04c12105c3225114f1a412b1d70d1f&
playing,https://tenor.com/view/uni-unicouniuni3-maxwell-stop-playing-cat-gif-6909397635904780146
sex,https://media.discordapp.net/attachments/933074283498979429/1036399465076097214/sussyamongusballs.gif
